im,i am
nwt,new with tags
gahoy,get a hold of yourself
inpo,in no particular order
ciao,goodbye (in italian)
fawc,for anyone who cares
mfrc,my fingers are crossed
mws,my wife says
nwr,not work related
4nr,foreigner
stbx,soon to be ex
tfds,that's for darn sure
ttyl,talk to you later
swak,sealed (or sent) with a kiss
iitm,it's in the mail
ttyt,talk to you tomorrow
onud,oh no you didn't
tahitmots,there's a hole in the middle of the sea
crdtchck,credit check
rufkm,are you fucking kidding me?
mhyf,move how you feel
hdgfs,how does get fucked sound?
fouo,for official use only
gmily,good morning i love you
figs,"french, italian, german, spanish"
siup,suck it up pussy
gyhooya,get your head out of your ass
yeppies,young experimenting perfection seekers
vbmg,very big mischievous grin
cmf,count my fingers
cmb,call me back
l/m,left message
fogc,fear of getting caught
situbi,say it til you believe it
cmu,crack me up
wuwhima,wish you were here in my arms
teotwawki,the end of the world as we know it
snafu,"situation normal, all fucked up"
yacc,yet another calendar company
10q,thank you
esadyfa,eat shit and die you fucking asshole
sobt,stressed out big time
ayce,all you can eat
g2glys,got to go love ya so
h&k,hugs and kisses
nev,neighborhood electric vehicle
rlf,real life friend
bbamfic,big bad ass mother fucker in charge
cula,see you later alligator
tntl,trying not to laugh
bhimbgo,"bloody hell, i must be getting old"
dord,department of redundancy department
imnsho,in my not so humble opinion
dgtg,don't go there girlfriend
noyb,none of your business
roflmao,rolling on floor laughing my ass off
htnoth,hit the nail on the head
gla,good luck all
glb,good looking boy
glg,good looking girl
wdr,with due respect
wdt,who does that?
nstlc,need some tender loving care
drb,dirty rat bastard
shwaslomf,sitting here with a straight look on my face
brt,be right there
lmkhtwofy,let me know how that works out for you
nltbro,not likely to be run over
ff&pn,fresh fields and pastures new
brl,belly roll laughs
jgmb,just google me bitch
kmba,kiss my black ass
txt,text
txs,thanks
brb,be right back
dnd,do not disturb
dnf,did not find
dnc,does not compute
lwr,launch when ready
nycfs,new york city finger salute
apac,asia-pacific
bdsm,"bondage, dominance, sadism, masochism"
dnr,do not resuscitate
ttys,talk to you soon
gylabtw,get your lazy ass back to work
awgthtgtta,are we going to have to go through this again
ltio,laughing til i orgasm
musm,miss you so much
musl,missing you shit loads
ltic,laughing 'til i cry
99,parent is no longer watching
lore,"learn once, repeat everywhere"
jmo,just my opinion
lm46,let's meet for sex
onid,oh no i didn't
md,doctor of medicine
rb@,yaright back at ya
mf,my friend
ma,mature audience
mb,message board
mm,market maker
mo,move on
tnx,thanks
mu,miss you
gr2br,good riddance to bad rubbish
tna,temporarily not available
tnc,tongue in cheek
henry,"high earner, not rich yet"
tno,tell no one
ta,thanks again
lycylbb,"love you, see you later, bye bye"
gagfi,gives a gay first impression
ygm,you've got mail
gtsy,glad to see you
emae-,mail address
str8,straight
ttfn,ta ta for now
iiio,"intel inside, idiot outside"
ruok,are you ok?
b4yki,before you know it
hawtlw,hello and welcome to last week
adip,another day in paradise
lumu,love you miss you
lhso,let's have sex online
pimpl,peeing in my pants laughing
gmta,great minds think alike
adih,another day in hell
laq,lame ass quote
vfm,value for money
sfttm,stop fucking talking to me
ryfm,read your friendly manual
whydtm,what have you done to me?
ttyiaf,talk/type to you in a few
afayc,as far as you're concerned
imfao,in my fucking arrogant opinion
fifo,"first in, first out"
nmhjc,"not much here, just chilling"
hbic,head bitch in charge
hbib,hot but inappropriate boy
nsfw,not safe for work
wuf,where you from
rkba,right to keep and bear arms
pcmcia,people can't memorize computer industry acronyms
clm,career limiting move
ime,in my experience
s4b,shit for brains
s4l,spam for life
imo,in my opinion
wtgp,want to go private?
lmso,laughing my socks off
icyc,in case you're curious
yy4u,too wise for you
uok,are you ok?
fofl,falling on floor laughing
fil,father-in-law
twita,that's what i'm talking about
yttt,you telling the truth?
rbtl,read between the lines
yttm,you talk too much
ssewba,"someday soon, everything will be acronyms"
srlb,spoiled rotten little brat
bytme,better you than me
l,?^let's hook up
crbt,crying real big tears
wtmc,what the mother c***
suyf,shut up you fool
nqocd,not quite our class dear
pwas,prayer wheels are spinning
hsiab,haven't seen it all before
e2ho,each to his/her own
mdr,mort de rire
logo,language of graphics oriented
lggbdtttiqqaapp,"lesbian, gay, genderqueer, bisexual, demisexual, transgender, transsexual, twospirit, intersex, queer, questioning, asexual, allies, pansexual, polyamorous"
osif,oh shit i forgot
rt,real time
gol,giggling out loud
wtfgda,"way to fucking go, dumb ass"
goi,get over it
gok,god only knows
cul8r,see you later
rx,regards
gob,game on bitcheeez
re,regards
rc,remote control
rl,real life
rm,remake
rn,yit means rainy
smd,suck my dick
i&i,intercourse & inebriation
gos,gay or straight
nitl,not in this lifetime
wmhgb,where many have gone before
bmgwl,busting my gut with laughter
fcfs,"first come, first served"
inbd,it's no big deal
emsge-,mail message
ntw,not to worry
tcob,taking care of business
ntk,nice to know
ntm,not that much
nta,not this again
ottomh,off the top of my head
pmsl,pissed myself laughing
atc,any two cards
angb,almost nearly good bridge
sahm,stay at home mom
iswc,if stupid were a crime
atm,at the moment
d&m,deep & meaningful
mtmmfbwy,may the micky mouse force be with you
ish,insert sarcasm here
iso,in search of
iynaegbtm,if you need anything else get back to me
imnerho,in my never even remotely humble opinion
bioiya,break it off in your ass
shmily,see how much i love you
bdbi5m,busy daydreaming back in 5 minutes
fupa,fat upper pussy area
toy,thinking of you
nttawwt,not that there's anything wrong with that
tot,tons of time
tom,tomorrow
wyfm,would you fuck me?
craws,can't remember anything worth a shit
tarfu,things are really fucked up
ntim,not that it matters
tgal,"think globally, act locally"
tomtb,taking off my training bra
oirwis,oh i remember what i said
ycmu,you crack me up
nofi,no offence intended
mbrfn,must be real fucking nice
rumcymhmd,are you on medication cause you must have missed a dose
raf,random as fuck
lbs,laughing but serious
tmtowtdi,there's more than one way to do it
lulu,locally undesireable land use
t&c,terms & conditions
lbh,let's be honest
msnuw,mini-skirt no underwear
vgn,vegan
scuicht,so coked up i can hardly type
cyt,see you tomorrow
aysos,are you stupid or something
mubar,messed up beyond all recognition
tyg,there you go
bsf,"but seriously, folks"
qyb,quit your bitching
ttyob,tend to your own business
b&f,back and forth
b&e,breaking & entering
doc,drug of choice
doa,dead on arrival
m,tempty
ijsi,'m just saying...
doe,depends on experience
diaf,die in a fire
lylb,love you later bye
lpc,lead pipe cinch
gsyjdwurmnkh,"good seeing you, just don't wear your monkey hat"
sul,snooze you lose
eyfd,enjoy your fucking day
ysan,you're such a nerd
d8,sitsaait's a date
cmiw,correct me if i'm wrong
rta,road traffic accident
sroi,social return on investment
emfbi,excuse me for butting in
ocd,obsessive compulsive disorder
ygwypf,you get what you pay for
udm,you're the man
ldimedilligaf,"look deeply into my eyes, does it look like i give a fuck"
dl,down low
dm,direct message
dk,don't know
dh,dear husband
rotglmao,rolling on the ground laughing my ass off
df,dear friend
dd,due diligence
dw,don't worry
dp,domestic partner
lmao,laughing my ass off
qotd,quote of the day
twss,that's what she said
bau,business as usual
kcco,keep calm & carry on
ldr,long distance relationship
eml,email me later
emi,excuse my ignorance
iyfeg,insert your favorite ethnic group
dgara,don't give a rat's ass
bae,before anyone else
bac,bad ass chick
ftbl,football
gdpr,general data protection regulation
bak,back at keyboard
igwst,it goes without saying that
innw,if not now when?
cico,"coffee in, coffee out"
w/,with
issoysi,'m so sick of your stuff
sadad,suck a dick and die
sfete,smiling from ear to ear
imho,in my humble opinion
yarbwyr,you're a right bleed'n wanker you are
fubar,fucked up beyond all recognition (or repair)
nub,new person to a site or game
w9,wife in room
w8,wait
r&r,rest & relaxation
saia,stupid asses in action
iirc,if i remember correctly
damhikt,don't ask me how i know that
pyfb,pay your fucking bill
irl,in real life
r&d,research & development
mtsitn,more than ships in the night
rmmm,read my mail man
dltm,don't lie to me
wg,wicked grin
omb,oh my buddha
rotflol,rolling on the floor laughing out loud
omg,oh my god
wb,welcome back
ome,oh my evolution
rgr,roger
eapfs,everything about pittsburgh fucking sucks
oml,oh my lord
wtb,want to buy
wt,without thinking
omw,on my way
wr,mit means warm
wtf,what the fuck
wp,well played
wth,what the heck
wtn,what then now?
wx,weather
cos,change of subject
unt,until next time
cot,circle of trust
lgbt,"lesbian, gay, bisexual, transgender"
lagnaf,lets all get naked and fuck
cob,close of business
i-d-l,ideal
cod,change of dressing
unf,universal noise of fucking
pita,pain in the ass
col,chuckle out loud
tftt,thanks for the thought
tftu,thanks for the update
bbsl,be back sooner or later
oatus,on a totally unrelated subject
bbsd,be back soon darling
b2d,business-to-distributor
cuwta,catch up with the acronyms
slirk,smart little rich kid
wmpl,wet my pants laughing
dfwly,don't forget who loves you
mcm,man crush monday
wags,wives and girlfriends of sports stars
lifo,"last in, first out"
anfawfos,and now for a word from our sponsor
kotl,kiss on the lips
craft,can't remember a fucking thing
obtw,oh by the way
cuns,see you in school
bsbd&ne,"book smart, brain dead & no experience"
kotc,kiss on the cheek
cunt,see you next time
gns,gangnam style
afaiui,as far as i understand it
rtbm,read the bloody manual
wfm,works for me
slt,something like that
slm,see last mail
dkdc,don't know don't care
aih,as it happens
lttic,look the teacher is coming
rtbs,reason to be single
n2m,not to mention
wnohgb,where no one has gone before
ij,inside joke
tmsaisti,that's my story and i'm sticking to it
ic,independant contractor
swalk,sealed with a loving kiss
bhof,bald headed old fart
dftba,don't forget to be awesome
csabr,continued success and best regards
nih,not invented here
nim,no internal message
kir,keep it real
@teotd,at the end of the day
wycm,will you call me?
kit,keep in touch
yumpi,young upwardly mobile professional idiot
a2d,agree to disagree
ayor,at your own risk
kia,killed in action
aisb,as i said before
aise,as i said earlier
aisi,as i see it
nvng,"nothing ventured, nothing gained"
drib,don't read if busy
bb4n,bye bye for now
l8r,later
lmtcb,left message to call back
wlmirl,would like to meet in real life
sewag,scientifically engineered wild ass guess
iottco,intuitively obvious to the casual observer
momplmo,ment please
hak,hugs and kisses
hhfo,hell has frozen over
hay,how are you?
yoyo,you're on your own
mkop,my kind of place
har,hit and run
poak,passed out at keyboard
bnf,big name fan
53x,sex
roflol,rolling on floor laughing out loud
maya,most advanced yet accessible
rnn,reply not necessary
bdoa,brain dead on arrival
d,dad
nimby,not in my back yard
wtas,wanna take a shower?
www,world wide web
dyofdw,do your own fucking dirty work
oll,online love
oln,online netiquette
olo,only laughed once
dwym,does what you mean
afgo,another fucking growth opportunity
ntimm,not that it matters much
gypo,get your pants off
cnp,continued in next post
fos,full of shit
crtla,can't remember the three-letter acronym
ykw,you know what?
foc,free of charge
fol,fond of leather
420,marijuana
umk,you must know
irncoti,'d rather not comment on that
plu,people like us
pls,please
plz,please
lymi,"love you, mean it"
q2c,quick to cum
plo,"peace, love, out"
emp,eat my pussy
obo,or best offer
plos,parents looking over shoulder
obe,overcome by events
ok,okay
wlu2,"wicked, love you too"
plur,"peace, love, unity, respect"
lhos,lets have online sex
mbn,must be nice
sob,son of a bitch
soe,start of exams
pnatmbc,pay no attention to man behind the curtain
soh,sense of humor
tabom,that's a bunch of malarkey
sol,shit out of luck
ppl,people
sop,standard operating procedure
sos,same old shit
runts,are you nuts?
sow,speaking of which
cuol,see you online
lwu,laughing with you
git,"got it, thanks"
wak,what a kiss
wai,what an idiot
tpiyp,to put in your prayers
sfb,shit for brains
omdb,over my dead body
wad,without a doubt
cwot,complete waste of time
gic,gift in crib
waw,waiter/actor/webmaster
inmp,it's not my problem
yolo,you only live once
wwy,where were you?
fdff,falling down fucking funny
ford,"found on road dead, fixed or repaired daily, fucked over rebuilt dodge"
somy,sick of me yet
rmlb,read my lips baby
nblfy,nothing but love for you
wag,wild ass guess
lkitr,little kid in the room
mtf,more to follow
kwim,know what i mean?
goyhh,get off your high horse
vwp,very well played
t2ut,talk to you tomorrow
shid,slap head in disgust
t2ul,talk to you later
vwd,very well done
elol,evil laugh out loud
iyam,if you ask me
nnr,need not respond
nh,nice hand
ni,not interested
nm,never mind
nn,not now
na,nice ass
nb,nota bene
nc,nice crib
nd,no date
ng,new game
cyoh,create your own happening
lylab,love you like a brother
np,no problem
nr,nice roll
ns,nice set
nt,lnonetheless
tia,thanks in advance
nw,no way
yatfm,you are too fucking much
wombat,"waste of money, brains and time"
ni4ni,an eye for an eye
baesbo,before anyone else so back off
kmfha,kiss my fat hairy ass
vcda,"vaya con dios, amigo"
pwcb,person will call back
potato,person over thirty acting twenty one
iyss,if you say so
dgyf,damn girl you're fine
difbe,tit means what's the difference between
mpfb,my personal fuck buddy
lbig,glbugrorlaughing because you're gay
push,praying until something happens
n1,nice one
lly,licking love you
gowi,get on with it
ost,on second thought
llt,looks like trouble
milf,mother i'd like to fuck
grobr,good riddance of bad rubbish
rusos,are you sos (in trouble)?
oicu812,"oh i see, you ate one too"
ror,raffing out roud (in scooby-doo dialect)
yvw,you're very welcome
ttbomk,to the best of my knowledge
veg,very evil grin
gigo,"garbage in, garbage out"
dhyb,don't hold your breath
aslmh,age/sex/location/music/hobbies
lrf,little rubber feet
byki,before you know it
bykt,but you knew that
bbmfic,big bad mother fucker in charge
jmdtp30,join me down the pub (in 30 mins)
fitymi,fake it til you make it
hoic,"hold on, i'm coming"
tnt,til next time
gud,geographically undesirable
nalopkt,not a lot of people know that
jho,just helping out
dic,drunk in charge
diy,do it yourself
twiwi,"that was interesting, wasn't it?"
iydmma,if you don't mind my asking
pmp,peeing my pants
htb,hang the bastards
bfbo,blinding flash of the bloody obvious
hth,hope this (or that) helps
pmbi,pardon my butting in
pml,pissing myself laughing
zzz,"sleeping, bored, tired"
ssia,subject says it all
suakm,shut up and kiss me
ufn,until further notice
giwist,"gee, i wish i'd said that"
bm,byte me
bmota,byte me on the ass
bo,bug off
isyalsi,'ll send you a letter soon
bi,zit means business
itmfa,impeach the mother fucker already
yaotm,yet another off topic message
botec,back of the envelope calculation
hbo,helping a brother out
sfaiaa,so far as i am aware
altg,"act locally, think globally"
hbb,hip beyond belief
g2g,got to go
fawomft,frequently argued waste of my fucking time
bon,believe it or not
soiar,sit on it and rotate
hbu,how bout you?
bob,battery operated boyfriend
bod,benefit of the doubt
asamof,as a matter of fact
wtfytt,who the fuck you talking to
fdgb,fall down go boom
hnti,how nice that/this is
hntw,how nice that was
ayk,as you know
gfon,good for one night
lolrotf&icgu,laughing out loud rolling on the floor & i can't get up
ayc,aren't you clever
rut,are you there?
atwd,agree that we disagree
msg,message
c4n,ciao for now
ayv,are you vertical?
oof,out of facility
fysbigtbabn,fasten your seat belts it's going to be a bumpy night
ooc,out of character
ylw,your loving wife
advd,advised
ooo,out of office
ooi,out of interest
oot,out of touch
oos,out of stock
iwbni,it would be nice if
ctfu,cracking the fuck up
ibk,idiot behind keyboard
cas,crack a smile
tfthaot,thanks for the help ahead of time
ctfd,calm the fuck down
ctfo,come the fuck on
ibt,in between technology
tayn,thinking about you now
p&c,private & confidential
ttyl8r,talk to you later
nascar,non-athletic sport centered around rednecks
wibni,wouldn't it be nice if
wwno,walker wheels need oil
fmtyewtk,far more than you ever wanted to know
fpo,for placement only
swmbo,she who must be obeyed
msmd,monkey see monkey do
nyc,not your concern
tilf,teacher i'd like to fuck
aob,abuse of bandwidth
ryo,roll your own
snn,yit means sunny
aon,apropos of nothing
atab,ain't that a bitch
ykwim,you know what i mean
owtte,or words to that effect
tbt,throwback thursday
joott,just one of those things
iiwii,it is what it is
aor,agency on record
sfla,stupid four letter acronym
spoc,single point of contact
bmwb,"*tch, moan, whine"
tbh,to be honest
lafw,listening (but) away from window
rttsd,right thing to say dude
q,queue
sj,strong jaws
sh,tit means so hot
sn,side note
sm,senior moment
sl,second life
sc,stay cool
ghm,god help me
sf,surfer friendly
lsb,life sucks balls
usc,up shit creek
tts,text to speech
yuppies,young urban professionals
ttt,that's the ticket
lsv,"language, sex, violence"
wddd,woopie doo da dey
tta,tap that ass
ttg,time to go
ymmd,you make my day
jic,just in case
gtg,got to go
gth,go to hell
gtk,good to know
gtl,"gym, tan, laundry"
gtm,giggle to myself
gtp,game transfer phenomenon
nimy,never in a million years
gts,google that shit
nimq,not in my queue
djm,don't judge me
btyc,better than you can
aymm,are you my mother
gd&r,"grinning, ducking and running"
trnd,oit means tornado
noa,not online anymore
btyd,better than you do
rotflmfao,rolling on the floor laughing my fucking ass off
noy,not online yet
cqrt,security
nos,new old stock
witfits,what in the fuck is this shit
rys,read your screen
joml,jesus on the main line
dfla,"disenhanced four-letter acronym (that is, a tla)"
kync,keep your nose clean
sot,short on time
em,excuse me
el,evil laugh
ee,electronic emission
ed,erectile dysfunction
eg,evil grin
dyhab,do you have a boyfriend?
ttthtfal,talk to the hand the face ain't listening
dyhag,do you have a girlfriend
gbh,great big hug
ez,easy
dilligas,do i look like i give a shit
bplm,big person little mind
twtr,twitter
ug2bk,you've got to be kidding
shb,should have been
hcc,holy computer crap
awhfy,are we having fun yet?
dilligad,do i look like i give a damn
pdoma,pulled directly out of my ass
kmsla,kiss my shiny little ass
sgtm,sounds good to me
lmp,lick my pussy
lms,like my status
iycssnasdsaaa,if you can’t say something nice about someone don’t say anything at all
tfmiu,the fucking manual is unreadable
lmk,let me know
gotp,get/getting on the piss
ftlog,for the love of god
xxcc,"kiss, kiss, hug, hug"
gafl,get a fucking life
zomg,gzmgroroh my god
id10t,idiot
tanstaafl,there ain't no such thing as a free lunch
nuff,enough
ibrbi,'ll be right back
degt,don't even go there
rtss,read the screen stupid
xoxo,hugs and kisses
rino,republican in name only
rtsm,read the silly manual
lwys,look what you started
wtsds,where the sun don't shine
ttiot,the truth is out there
yic,yours in christ
iae,in any event
bitd,back in the day
iac,in any case
yiu,"yes, i understand"
btdtgts,"been there, done that, got the t-shirt"
cito,"cache in, trash out"
tinwis,that is not what i said
hud,how you doing?
ewie,-mailing while intoxicated
lywamh,love you with all my heart
hua,heads up ace
td&h,"tall, dark and handsome"
poms,parent over my shoulder
alap,as late as possible
mtbf,mean time before failure
pnd,possibly not definitely
14aa41,one for all and all for one
p911,parent alert
ftfoi,for the fun of it
rmetth,rolling my eyes to the heavens
j/p,just playing
j/w,just wondering
slaw,sounds like a winner
emea,"europe, the middle east, and africa"
prt,partial retweet
prw,parents are watching
j/c,just checking
j/j,just joking
j/k,just kidding
gnoc,get naked on cam
j/o,jerking off
taks,that's a knee slapper
wnd,yit means windy
wcw,woman crush wednesday
imoo,in my own opinion
wca,who cares anyway
omfg,oh my fucking god
botus,bot of the united states
motas,member of the appropriate sex
njapf,not just another pretty face
tggtg,that girl/guy has got to go
fcs,first customer ship
asafp,as soon as fucking possible
iitlyto,if it's too loud you're too old
l&r,love and respect
ybysa,you bet your sweet ass
tbyb,try before you buy
mrm,men's rights movement
soho,small office home office
pibkac,problem is between keyboard and chair
gidk,gee i don't know
sohf,sense of humor failure
mra,moving right along
dw2h,don't work too hard
q41,6it means: quarter 4 in 2016
tko,technical knock out
ltnt,"long time, no type"
ltns,long time no see
ysic,why should i care?
ddas,don't do anything stupid
nll,nice little lady
b2b2c,business-to-business-to-consumer
iitywybmad,if i tell you will you buy me a drink
xme,excuse me
woof,well off older folks
ntmu,nice to meet you
slom,sticking leeches on myself
esfoad,eat shit fuckoff and die
b4u,before you
hippo,higher income people's personal opinions
gd&rf,"grinning, ducking and running fast"
b4n,bye for now
ssa,ass backwards
ssc,super sexy cute
ux,user experience
xqzt,exquisite
pmfji,pardon me for jumping in
llom,like leno on meth
ru/18,are you over 18?
hmfic,head mofo in charge
wtfdyjs,what the fuck did you just say?
rmb,rings my bell
urz,yours
dtrt,do the right thing
mihap,may i have your attention please
24/7,"twenty four seven, as in all the time"
ambw,all my best wishes
mopm,oment please
wayn,where are you now?
gtrm,going to read mail
ytb,you're the best
wuss,llollaugh out loud with unintentional snort sound
wayd,what are you doing?
gafyk,get away from your keyboard
gnsd,good night sweet dreams
jt,just teasing
caac,cool as a cucumber
jw,just wondering
jp,just playing
js,just saying
bfftte,best friends forever til the end
ywia,you're welcome in advance
jk,just kidding
jc,just curious
ousu,oh you shut up
jfi,just for information
jfh,just fuck her
gwi,get with it
lolpmp,laugh out loud peed my pants
gws,get well soon
jft,tj4trorjust for today
twd,texting while driving
pov,point of view
eadd,entrepreneurial attention deficit disorder
tvm4yem,thank you very much for your e-mail
pos,parent over shoulder
pop,"photo on profile, point of purchase/presence, post office protocol"
mejr,my eyes just rolled
fttb,for the time being
ptat,people talking about this
ttmf,ta ta mofo
hbtu,happy birthday to you
dyfm,dude you fascinate me
oaus,on an unrelated subject
evre1,every one
cmap,cover my ass partner
bf4l,best friends for life
btoiya,be there or it's your ass
bmf,bad mother fucker
tmalss,to make a long story short
ruup4it,are you up for it?
bms,baby making sex
ltrp,long term relationship pussy
lykyamy,"love you, kiss you, already miss you"
ljbf,let's just be friends
wilco,will comply
eip,eggo is preggo
hhis,hanging head in shame
imheiuo,in my high exalted informed unassailable opinion
rotgl,rolling on the ground laughing
ym,your mother
ymybnycsii,you made your bed now you can sleep in it
dafuq,what the fuck
myob,mind your own business
bitfob,"bring it the fuck on, bitch"
atbims,all these bitches is my sons
ibgybgi,"'ll be gone, you'll be gone"
pax,passengers
afdn,any fucking day now
loomm,laughing out of my mind
cuatu,see you around the universe
pac,political action committee
foaf,friend of a friend
posslq,persons of the opposite sex sharing living quarters
galgal,give a little get a little
hbastd,hitting bottom and starting to dig
rotflmao,rolling on the floor laughing my ass off
dbeyr,don't believe everything you read
oic,"oh, i see"
bioyiop,blow it out your i/o port
abt2,about to
lylas,love you like a sister
yhm,you have mail
swalbcakws,sealed with a lick because a kiss won't stick
afaics,as far as i can see
afaict,as far as i can tell
ddsos,"different day, same old shit"
gqmf,gentleman's quarterly mother fucker
lshitipal,laughing so hard i think i peed a little
gdw,"grin, duck and wave"
ya,yet another
fumf,fat ugly mother fucker
tobg,this oughta be good
reso,reservation
gdi,god damn it
ri&w,read it and weep
cl,dit means cold
twit,that's what i thought
pebcac,problem exists between chair and computer
pebcak,problem exists between chair and keyboard
swim,see what i mean?
tisnc,this is so not cool
embm,early morning business meeting
ditr,dancing in the rain
mos,mom over shoulder
psa,public service announcement
mot,member of the tribe
awol,absent without leave
moo,mud object-oriented
swit,sit and sweat
afaic,as far as i'm concerned
mof,matter of fact
swis,see what i'm saying
deti,don't even think it
wbu,what 'bout you?
wbs,write back soon
ynk,you never know
stby,sucks to be you
gjp,good job partner
wysilob,what you see is a load of bullocks
sic,spelling is correct
tic,tongue in cheek
wttm,without thinking too much
vrbs,virtual reality bull shit
tstl,to stupid to live
itfa,in the final analysis
glbt,"gay, lesbian, bisexual, transgender"
tstb,"the sooner, the better"
hitaks,hang in there and keep smiling
afaiu,as far as i understand
gtasc,going to a strip club
lshmbh,laughing so hard my belly hurts
mooc,massive open online course
aoyp,angel on your pillow
kma,kiss my ass
dltbbb,don't let the bed bugs bite
wibamu,"well, i'll be a monkey's uncle"
kwsta,kiss with serious tongue action
moos,member of the opposite sex
afair,as far as i remember
kmp,keep me posted
niywfd,not in your wildest fucking dreams
ddg,drop dead gorgeous
dnpmpl,damn near pissed my pants laughing
mwah,hmuahrorthe sound of a kiss
dirft,do it right the first time
nmu,"not much, you?"
nmp,not my problem
asap,as soon as possible
lmfao,laughing my fucking ass off
wtmi,way too much information
nme,enemy
nmh,not much here
oo,over and out
ntbm,not to be missed
ntbn,no text back needed
ol,old lady
ace,access control entry
acd,alt control delete
ack,acknowledgement
oc,original character
ob,obligatory
lpos,lazy piece of shit
mamil,middle aged men in lycra
ot,off topic
yngbt,you're not gonna believe this
gtgb,got to go bye
wadr,with all due respect
wgmgd,what get's measured get's done
wadi,what a dumb idea
dpup,don't poop your pants
gtgp,got to go pee
lob,lying on bed
lok,lots of kisses
lol,laughing out loud
amrmtyfts,all my roommates thank you for the show
ymal,you might also like
hea,happily ever after
ymak,you may already know
lou,laughing over you
witw,what in the world
aytmtb,and you're telling me this because
boctaae,but of course there are always exceptions
gork,god only really knows
yaf,young angry female
jsyk,just so you know
hmfwicc,head mofo what in complete charge
fyltge,from your lips to gods ears
cbb,can't be bothered
ab,ass backwards
cbf,can't be fucked
ai,artificial intelligence
bbiaf,be back in a few
bbiab,be back in a bit
cbm,covered by medicare
ar,action required
filf,father i'd like to fuck
otasoic,owing to a slight oversight in construction
bbiaw,be back in a while
filo,first in last out
sii,seriously impaired imagination
urws,you are wise
cinba,clad in naught but air
fsr,for some reason
5,hihigh five
d2d,developer-to-developer or day-to-day
tsnf,that's so not fair
yyssw,yeah yeah sure sure whatever
ru,are you?
tbiu,the bitch is ugly
a3,"anytime, anyplace, anywhere"
ftr,for the record
ymbkm,you must be kidding me
twhe,the walls have ears
rr,rhar har har (instead of lol)
ssdd,same shit different day
cpg,consumer packaged goods
adad,another day another dollar
ptl,praise the lord
pth,prime tanning hours
pyop,pray your own prayer
emrtw,evil monkey's rule the world
smem,send me e-mail
otp,on the phone
alw,ain't life wonderful
t@yl,talk at you later
ptp,pardon the pun
snif,simple nice index file
ty,thank you
tt,big tease
tu,toes up (as in dead)
ts,tough shit
tp,team player
tm,trust me
tk,to come
tf,too funny
wwjd,what would jesus do?
smilf,single mother i'd like to fuck
otw,off the wall
tb,titty bar
tc,take care
2bz4uqt,too busy for you cutey
ium,if you must
ntabom,now that's a bunch of malarkey
smh,shaking my head
fav,favorite
uwm,you want me
fab,features attributes benefits
faf,find a friend
sme,subject matter expert
fae,finally an explanation
gg,good game
disto,did i say that outloud?
wabi,what a bright idea
smb,suck my balls
wsu,what say you?
scnr,"sorry, could not resist"
pbb,parent behind back
ruh,are you horny?
lmbao,laughing my black ass off
sanm,starting a new message
bwtm,"but wait, there's more"
ttksf,trying to keep a straight face
pbj,peanut butter and jelly
mtsbwy,may the schwartz be with you
nbs,no bull shit
juadlam,jumping up and down like a monkey
gn,good night
tlitbc,that's life in the big city
blzr,dit means blizzard
yttwroomm,you took the words right out of my mouth
nbg,no bloody good
afiaa,as far as i am aware
nbd,no big deal
otoh,on the other hand
abc,always be creating/communicating
sub,shut up bitch
abh,anywhere but here
abk,always be knolling
wyslpg,what you see looks pretty good
onna,"oh no, not again"
lb?w/c,like bondage? whips or chains
c-t,city
c-p,sleepy
tcoy,take care of yourself
ggp,gotta go pee
imco,in my considered opinion
ggy,go google yourself
smize,smile with your eyes
gga,good game all
tlgo,the list goes on
b2g,business-to-government
b2e,business-to-employee
ggn,gotta go now
b2c,business-to-consumer
b2b,business-to-business
b2a,business-to-anyone
bible,basic instructions before leaving earth
if/ib,in the front
fwd,forward
@+,french equivalent of cul8r
loml,love of my life
nfbsk,not for british school kids
fwb,friends with benefits
mfic,mother fucker in charge
llap,live long and prosper
adidas,all day i dream about sex
pnattmbtc,pay no attention to the man behind the curtain
ygbsm,you gotta be shiting me
lopsod,"long on promises, short on delivery"
vip,very important person
viv,very important visitor
smao,sweating my ass off
pwoms,parent watching over my shoulder
dgaf,don't give a fuck
dwwwi,surfing the world wide web while intoxicated
eyd,enjoy your day
dstr8,damn straight
kmim,keep me in mind
sbug,small bald unaudacious goal
twu,that's what's up
swot,"strengths, weaknesses, opportunities, threats"
mirl,meet in real life
btwbo,be there with bells on
jdi,just do it
siuya,shove it up your ass
mhbfy,my heart bleeds for you
nino,"nothing in, nothing out"
wmmows,wash my mouth out with soap
f2,fmailface-to-face mail
747,let's fly
fsbo,for sale by owner
ps,post script
wlu,"wicked, love you"
awniac,all we need is another chair
ttyawfn,talk to you a while from now
bffn,best friends for now
hhh,hip hip hooray
pona,person of no account
4col,for crying out loud
csl,can't stop laughing
csn,"chuckle, snicker, grin"
mva,motor vehicle accident
nwal,nerd without a life
pp,personal problem
csa,cool sweet awesome
lh6,let’s have sex
wdymbt,what do you mean by that?
goat,greatest of all time
hugz,hugs
fs,for sale
gtfo,get the fuck out
bka,better known as
wytb,wish you the best
rbay,right back at you
fomcl,falling off my chair laughing
auntm,and u know this man
ofap,old fart at play
fe,fatal error
ff,friends forever
aaaaa,american association against acronym abuse
waef,when all else fails
agkwe,and god knows what else
lho,laughing head off
lhm,lord have mercy
lhk,love hugs kisses
lhu,let's hook up
sapfu,surpassing all previous foul ups
pans,pretty awesome new stuff
itm,in the money
ptpop,pat the pissed off primate
atsl,along the same line
fft,food for thought
ffs,for fuck sake
soddi,some other dude did it
atst,at the same time
ffa,free for all
xtc,ecstasy
wtdb,what's the difference between
20,location
ptmm,please tell me more
wrt,with regard to
omwt,on my way too
inucosm,it's no use crying over spilt milk
pcm,please call me
uscwap,up shit creek without a paddle
ayfkmwts,are you fucking kidding me with this shit
lmta,like minds think alike
lmtc,left a message to contact
yb,you bitch
wambam,web application meets brick and mortar
yf,wife
dbmib,don't bother me i'm busy
icymi,in case you missed it
ys,you stinker
yr,yeah right
yw,you're welcome
iinm,if i'm not mistaken
unoit,you know it
aimp,always in my prayers
2d,lootoodle oo
hho1/2k,"ha ha, only half kidding"
2bornot2b,to be or not to be
anfscd,and now for something completely different
ygbk,you gotta be kidding
gfy,good for you
jdmj,just doing my job
gfr,grim file reaper
fish,"first in, still here"
gwot,glorified waste of time
ucwap,up a creek without a paddle
gfi,go for it
gfn,gone for now
ygtbk,you've got to be kidding
tafn,that's all for now
gff,go fucking figure
lola,laugh out loud again
kypo,keep your pants on
ftw,for the win
lysouaq,learn your shit or up and quit
nmm,No make up monday
faql,frequently asked questions list
ftc,failure to communicate
fte,full time employee
tttka,time to totally kick ass
lolz,lots of laughs
ftl,faster than light
puh,personal umbrella handler
ntb,not too bright
rlco,real life conference
duna,don't use no acronyms
mml,made me laugh
base,"buildings, antennas, spans, earth"
rotfl,rolling on the floor laughing
sbi,sorry 'bout it
asl,age/sex/location
lmirl,let's meet in real life
sitcom,"single income, two children, oppressive mortgage"
wtfh,what the fucking hell
omik,"open mouth, insert keyboard"
fcol,for crying out loud
bhag,big hairy audacious goal
cupl,couple
dino,democrat in name only
dink,"double incomes, no kids"
phs,pointy haired stupidvisor
dinr,dinner
bioyn,blow it out your nose
bioya,blow it out your ass
ursai,you are such an idiot
bioye,blow it out your ear
kok,knock
dfu,don't fuck up
wtfwycm,why the fuck would you call me?
darfc,ducking and running for cover
snnshwr,sit means sun showers
esad,eat shit and die
tfm,thanks from me
llta,lots and lots of thunderous applause
bsaaw,big smile and a wink
tfh,thread from hell
sete,smiling ear to ear
qls,reply
tfx,traffic
tfw,that feeling when
tfs,thanks for sharing
ncg,new college graduate
dtk,down to kill
aaf,as a friend
sta,short term attitude
dtc,deep throaty chuckle
stm,spank the monkey
drcowoto,don't really care one way or the other
aak,asleep at keyboard
hppo,highest paid person in office
aas,alive and smiling
aar,at any rate
p2u4uraqtp,peace to you for you are a cutie pie
kybc,keep your bum clean
tfn,thanks for nothing
aimb,as i mentioned before
tiail,think i am in love
wafs,warm and fuzzies
bhg,big hearted guy
wafu,what a fuck up
iykwimaityd,if you know what i mean and i think you do
nimjd,not in my job description
7pppppppppror,prior proper planning prevents piss poor performance
wafb,what a fucking bitch
ysyd,"yeah, sure you do"
kippers,kids in parents' pockets eroding retirement savings
hohah,ollywood hacker
tyvm,thank you very much
lig,let it go
lib,lying in bed
fyeo,for your eyes only
untco,you need to chill out
jeomk,just ejaculated on my keyboard
eft,electronic funds transfer
lir,let it rest
lis,laughing in silence
bohica,bend over here it comes again
buff,big ugly fat fuck
kab,kick ass bitch
watn,where are they now
tmtt,too much to type
gilf,grandmother i'd like to fuck
jsu,just shut up
rhk,roundhouse kick
amap,as many as possible
moss,member(s) of the same sex
wym,what do you mean?
gbtw,get back to work
kb,kick butt
nnww,"nudge, nudge, wink, wink"
tpc,the phone company
tjbnj,this job beats no job
itsfwi,if the shoe fits wear it
kk,"kit means ""over"" as in, waiting for your reply"
fgdai,fuhgedaboudit
sbta,"sorry, being thick again"
ko,knocked out
h2s,here to stay
ks,kill stealer
tpt,trailor park trash
gsoas,go sit on a snake
rtb,returning to base
ugc,user-generated content
rth,release the hounds
rtk,return to keyboard
ootb,out of the box
ootc,obligatory on topic comment
stfu,shut the fuck up
rts,read the screen
yct,your comment to
jtou,just thinking of you
bfg,big fucking gun
bff,best friends forever
bfe,bum fuck egypt
bfd,big fucking deal
osintot,oh shit i never thought of that
bfn,bye for now
h2cus,hope to see you soon
dityid,did i tell you i'm distressed
wiify,what's in it for you
jtol,just thinking out loud
ief,it's esther's fault
std,"seal the deal, save the date, sexually transmitted disease, stuff to do"
lombard,lots of money but a right dick
hig,how's it going?
hih,hope it helps
atw,"all the web, around the web, all the way, at the weekend"
cd9,code 9 - it means parents are around
rfs,really fucking soon
crs,can't remember shit
rfp,request for proposal
crb,come right back
2g2bt,too good to be true
crd,caucasian rhythm disorder
rfd,request for discussion
gospel,god's only son provides eternal life
bthoom,beats the heck out of me
lmho,laughing my head off
tck,third culture kid
pvp,player versus player
gftd,gone for the day
p2c2e,process too complicated too explain
dtf,down to fuck
seg,shit eating grin
barb,buy abroad but rent in britain
gftu,good for the universe
lumtp,love you more than pie
wot,waste of time or- it means what
wop,with out papers
wom,word of mouth
stw,search the web
wog,wise old guy
woa,work of art
esemed,every second every minute every day
bibi,bye bye
bibo,"beer in, beer out"
lgbtq+,"lesbian, gay, bisexual, transgender, queer +"
sts,so to speak
weg,wicked evil grin
gggg,"god, god, god, god"
botl,bra on the loose
mego,my eyes glaze over
pds,please don't shout
alol,actually laughing out loud
motss,member(s) of the same sex
f2t,free to talk
afap,as far as possible
stml,short term memory loss
wdym,what do you mean?
dfik,darn if i know
rtwfq,read the whole fucking question
rofl,rolling on floor laughing
mstm,makes sense to me
asdo,"agmtagreat minds think alike, and so do ours"
wdys,what did you say?
msta,must see to appreciate
wdyt,what do you think?
dui,driving under the influence
c/s,change of subject
dum,do you masturbate?
pu,that stinks
tgif,thank god it's friday
laoj,laughing at own joke
swf,single white female
pb,potty break
pc,personal computer
pa,parent alert
pd,public domain
dur,do you remember
pi,amvaonomotor vehicle accident with no personal injury
swu,so what's up
po,piss off
pm,personal message
yllo,you lie like obama
imao,in my arrogant opinion
nrn,no reply necessary
adn,advanced digital network
gal,get a life
mfwic,mother fucker who's in charge
uryy4m,you are too wise for me
gab,getting a beer
iyd,in your dreams
lool,laughing outrageously out loud
mla,multiple letter acronym
bcbg,bon chic bon genre
iyo,in your opinion
bcbs,"big company, big school"
fud,"fear, uncertainty, and disinformation"
fub,fat ugly bastard
dyjhiw,don't you just hate it when...
motd,message of the day
wafm,what a fucking mess
stys,speak to you soon
yati,you're a total idiot
bbfn,bye bye for now
ftbomh,from the bottom of my heart
aml,all my love
ddwi,don't dick with it
udh82bme,you'd hate to be me
mins,minutes
glgh,good luck and good hunting
tqm,total quality management
lumumi,love you miss you mean it
gmafb,give me a fucking break
ama,ask me anything
wuwh,wish you were here
hwga,here we go again
dga,don't go anywhere
syk,so you know
syl,see you later
sys,see you soon
dgt,don't go there
syt,see you tomorrow
2u2,to you too
pmigbom,put mind in gear before opening mouth
amf,adios mother fucker
byam,between you and me
hagd,have a great day
gsw,gun shot wound
hagn,have a good night
hago,have a good one
gsc,gimme some credit
y,why?
huya,head up your ass
mtfbwy,may the force be with you
adbb,all done bye bye
tyclo,turn your caps lock off
iohi,'m outta here
tobal,there oughta be a law
twimc,to whom it may concern
bi5,back in five
mmha2u,my most humble apologies to you
sird,"sorry, incorrect recipient, disregard"
cuz,because
snag,sensitive new age guy
emfji,excuse me for jumping in
cua,clean up afterwards
m4m,men for men
nwot,new without tags
m4c,meet for coffee
cul,see you later
bio,bring it on
bil,brother-in-law
bif,basis in fact
rhip,rank has its privileges
e123,"easy as one, two, three"
gnblfy,got nothing but love for you
itma,it's that man again
bseg,big shit eating grin
iimad,if it makes any difference
iyaoyas,if you ain't ordinance you ain't shit
u-l,you will
fwotf**,*ing waste of time
dbbswf,"dream boat body, shipwreck face"
tnln,"took nothing, left nothing"
w/o,without
nbfabs,not bad for a bot stopper
somf,sit on my face
b4,before
wati,what a terrible idea
suac,shit up a creek
smaim,send me an instant message
pmf,pardon my french
bd,big deal
bf,boyfriend
bg,be good
fomo,fear of missing out
bb,be back
bc,because
bl,belly laughing
fomc,fell off my chair
bn,been
303,mom
j2lyk,just to let you know
bj,blow job
bt,byte this
bw,best wishes
br,bathroom
bs,big smile
rus,are you serious?
gmab,give me a break
bz,busy
fomof,fear of missing out on football
bgf,best girlfriend
yglt,you're gonna love this
cmao,chortling my ass off
idm,it doesn't matter
idi,dentification
ylh,your loving husband
gotdpwyd,get off the damn phone while you're driving
bmof,bite me old fart
nsa,no strings attached
nsb,not sure but
bmoc,big man on campus
roflmaoastc,rolling on floor laughing my ass off and scaring the cat
nss,no shit sherlock
glyasdi,god loves you and so do i
lonh,"lights on, nobody home"
bion,believe it or not
u2,you too
lgmas,lord give me a sign
galher,get a load of her
fasb,fast ass son bitchii
bruf,big requirements up front
spat,some people are trains
4eae,forever and ever
kc,keep cool
wtshtf,when the shit hits the fan
iitywimwybmad,if i tell you what it means will you buy me a drink
pwp,"plot, what plot?"
lins,"laugh, i nearly shat"
mitin,more info than i needed
sdk,scottie doesn't know
iuri,if you are interested
cid,consider it done
uv,unpleasant visual
cio,check it out
cil,check in later
ptoyed,please turn off your electronic devices
lysyb,"love ya, see ya, bye"
l@u,laughing at you
nbif,no basis in fact
lya,love you all
lyb,love you babe
lyl,love you lots
nak,nursing at keyboard
b/w,between
tptb,the powers that be
naz,"name, address, zip (also means nasdaq)"
tps,that's pretty stupid
b/c,because
piaps,pig in a pant suit
wf,way fun
tflms,thanks for letting me share
yajwd,you ain't just whistling dixie
topca,til our paths cross again
agb,almost good bridge
gr8,great
gt,good try
2g2b4g,too good to be forgotten
wywh,wish you were here
wd,well done
tanj,there ain't no justice
edm,electronic document management
ganb,getting another beer
gf,girlfriend
gc,good crib
gb,good bridge
ga,go ahead
asaygt,as soon as you get this
gm,good morning
gl,good luck
gj,good job
gi,google it
yaun,yet another unix nerd
iyfd,in your fucking dreams
fwiw,for what it's worth
g1,good one
g9,genius
h4u,hot for you
mlas,my lips are sealed
lfti,looking forward to it
aayf,"as always, your friend"
stfw,search the fucking web
mmyt,mail me your thoughts
fbks,failure between keyboard and seat
snert,snotty nosed egotistical rotten teenager
uwiwu,you wish i was you
tlk2ul8r,talk to you later
aeap,as early as possible
ufuf,"you fuck, you fix"
trp,television rating points
glawd,good luck and well done
btwitiailwu,by the way i think i am in love with you
nbfab,not bad for a beginner
cqts,chuckling quietly to self
cfv,call for vote
folo,fear of losing out
rrq,return receipt requested
furtb,filled up and ready to burst
tdm,too darn many
bdc,big dumb company
ldttwa,let's do the time warp again
bdn,big damn number
dystsott,did you see the size of that thing
n2mjchbu,"not too much just chillin, how bout you?"
bbfbbm,"body by fisher, brains by mattel"
1337,elite
fla,four letter acronym
rdv,reader's digest version
vbg,very big grin
tilii,tell it like it is
fbif**,*ing brilliant idea
kutgw,keep up the good work
vbs,very big smile
cta,call to action
ctc,care to chat
aoas,all of a sudden
cto,check this out
dyac,damn you auto correct
iykwim,if you know what i mean
jafs,just a fucking salesman
wim,woe is me
boaisy,bend over and i'll show you
hadvd,have advised
wiu,wrap it up
motos,member(s) of the opposite sex
jafo,just another fucking onlooker
crat,can't remember a thing
cha,click here asshole
gtfooh,get the fuck out of here
bfr,big fucking rock
usp,unique selling proposition
wrud,what are you doing?
pfa,pulled from ass
iit,is it tight?
pfc,pretty fucking cold
iir,if i remember
ttth,talk to the hand
pfm,pure fucking magic
om,old man
tttt,to tell the truth
swdyt,so what do you think?
taf,"that's all, folks"
og,original gangsta
hrc,nit means hurricane
rimjs,really i'm just saying
ibiwisii,'ll believe it when i see it
potus,president of the united states
taw,teachers are watching
tas,taking a shower
sro,standing room only
bcnu,be seeing you
jhom,"just helping out my (mafia, mob, neighbors, etc.)"
tah,take a hike
dws,driving while stupid
aamoi,as a matter of interest
afk,away from keyboard
aamof,as a matter of fact
siy,search inside yourself
afc,away from computer
dwb,don't write back
afz,acronym free zone
aft,about fucking time
afu,all fucked up
dwh,during work hours
afw,away from window
raebnc,"read and enjoyed, but no comment"
sooya,snake out of your ass
oz,australia
fitb,fill in the blanks
trdmc,tears running down my cheeks
poahf,put on a happy face
btfo,back the fuck off
bndn,been nowhere done nothing
afj,april fools joke
cuatsc,see you at the senior center
ilbcnul,8ri'll be seeing you later
ilbcnui,'ll be seeing you
a/n,author's note
kbd,keyboard
obx,old battle axe
posc,piece of shit computer
wawi,what a wonderful idea
lf,let's fuck
lg,life's good
ld,long distance
bofh,bastard operator from hell
tsh,too stinkin' hot
h4xx0r,hacker
ll,livin' large
lm,4a~##zzzz>let's meet for a joint
tsb,"tall, sexy, beautiful"
lh,laughing hysterically
kmuf,kiss me you fool
lu,locked up
tsr,totally stuck in ram
ly,love you
kmria,kiss my royal irish arse
rfr,really fucking rich
ibtl,in before the lock
hiooc,"help, i'm out of coffee"
ibtc,itty bitty titty committee
diku,do i know you?
nadt,not a damn thing
nfg,not fucking good
nff,no fucking fair
nfe,no fucking excuses
dwi,driving while intoxicated
nfc,not favorably considered
tram,the rest are mine
twhab,this won't hurt a bit
tisl,this is so lame
nfi,no fucking idea
sin,stop it now
nfw,no fucking way
kpc,keeping parents clueless
nfs,need for sex
wotam,waste of time and money
bttt,back to the top
yiwgp,"yes, i will go private"
sil,sister-in-law
hpoa,hot piece of ass
n/m,nothing much
labatyd,life's a bitch and then you die
nigyysob,"now i've got you, you son of a bitch"
lfl,lady of leisure
rtfaq,read the faq
n/a,not applicable
tigas,think i give a shit
lfu,"life""s fucked up"
88,hugs and kisses
eabos,eat a bag of shit
n/t,no text
86,"out of, over, to get rid of, or kicked out"
pbem,play by email
lthtt,laughing too hard to type
',*fkmfuckem
ggoh,gotta get out of here
smop,small matter of programming
n-a-y-l,in a while
c&g,chuckle and grin
aatk,always at the keyboard
snl,same night lay
411,information
p-za,pizza
kysoti,keep your stick on the ice
w/e,weekend
bwi,but what if
bwl,bursting with laughter
bwo,"black, white or other"
ltr,long term relationship
sthu,shut the hell up
hhos,"ha ha, only serious"
hhok,"ha ha, only kidding"
hhoj,"ha ha, only joking"
ltf,lick the floor
tabooma,take a bite out of my ass
ltm,laughing to myself
wts,want to sell
wabom,what a bunch of malarkey
ihr,involuntary hormonal reaction
waboc,what a bunch of crap
bamf,bad ass mother fucker
sosad,same old song and dance
ttul,talk to you later
cu46,see you for sex
ugtr,you got that right
sep,somebody else's problem
pots,plain old telephone system
soi,self owning idiot
hoyew,hanging on your every word
rsn,real soon now
issygtii,'m so sure you get the idea
botoh,but on the other hand
cya,cover your ass
cye,check your email
riyl,recommended if you like
gsoh,good sense of humor
cyo,see you online
jhomf,just helping out my friend(s)
cym,check your mail
cyl,see you later
yby,yeah baby yeah
khyf,know how you feel
g4i,go for it
tg4a,thank god for acronyms
ybs,you'll be sorry
g4n,good for nothing
sed,said enough darling
ggpbl,"gotta go, pacemaker battery low"
pmji,pardon my jumping in
icbwicbm,"it could be worse, it could be me"
ybf,you've been fucked
jm2c,just my 2 cents
neet,"not currently engaged in employment, education, or training"
sufid,screwing up face in disgust
nqa,no questions asked
su,shut up
mih,make it happen
tingtes,"there is no gravity, the earth sucks"
mil,mother-in-law
istm,it seems to me
ugfsu,your girlfriend's ugly
qt,cutie
omma,oh my aching ass
sfx,sound effects
sfp,sorry for partying
xlnt,excellent
sb,stand by
iyswim,if you see what i mean
awc,"after while, crocodile"
wetsu,we eat this shit up
urw,you are welcome
cicyhw,can i copy your home work
ooak,one of a kind
tdtm,talk dirty to me
dba,doing business as
esmf,eat shit mother fucker
dbd,don't be dumb
wyrn,what's your real name?
nagb,nearly almost a good bridge
tsra,two shakes of a rat's ass
wotd,word of the day
nagi,not a good idea
ngb,nearly good bridge
rmma,reading my mind again
ngh,not gonna happen
jas,just a second
tansit,there's a new sheriff in town
jad,just another day
dnbl8,do not be late
odtaa,one damn thing after another
onnta,"oh no, not this again"
galhim,get a load of him
tbu,thinking 'bout you
kyfc,keep your fingers crossed
121,one to one
sdfb,smoke dope fuck bitches
ydkm,you don't know me
tba,to be advised
tbc,to be continued
ymmv,your mileage may vary
tbe,thick between ears
tbd,to be determined
qq,quick question
gbg,great big grin
qs,quit scrolling
kibo,"knowledge in, bullshit out"
nism,need i say more
rtfm,mrtmrorread the manual
gras,generally recognized as safe
nncimintfz,"not now chief, i'm in the f ***in' zone"
wdalyic,who died and left you in charge?
qc,quality control
rtfq,read the fucking question
bbbg,bye bye be good
j4g,just for grins
j4f,just for fun
ql,quit laughing
ipni,'m posting naked
btw,by the way
btr,better
xoxozzz,hugs and kisses and sweet dreams
rafo,read and find out
btd,bored to death
pncah,"please, no cursing allowed here"
bta,but then again
shtf,shit hits the fan
wc,who cares
btn,better than nothing
wrudatm,what are you doing at the moment?
tku4uk,thank you for your kindness
p/u,pick up
utm,you tell me
maga,make america great again
bak@u,ub@urorback at you
qft,quoted for truth
etx,end of text
wu,what's up
tlc,tender loving care
tla,three letter acronym
eta,estimated time of arrival
btfld,yit means beautiful day
wiifm,what's in it for me
cn,can
cm,call me
afaik,as far as i know
cb,chat brat
wtg,4a\\%/want to go for a drink
cf,coffee freak
cd,carpe diem
cy,calm yourself
cx,cancelled
nb4t,not before time
rpg,role playing games
cs,career suicide
lmoa,left a message on your answering machine
ctmq,chuckle to myself quietly
cu,see you
ct,can't talk
ur2k,you are too kind
bbl,be back later
wiiwii,well it is what it is
bbb,bye bye babe
cbj,covered blow job
nhoh,never heard of him/her
bbw,big beautiful woman
tmsgo,too much shit going on
bbt,be back tomorrow
bbs,be back soon -or bulletin board service
bbr,burnt beyond repair
bbq,bar-b-que
oth,off the hook
otl,out to lunch
wthow,white trash headline of the week
hmu,hit me up
otc,over the counter
otf,on the floor
myt,meet you there
lgr,rlbrdandlittle boy's room and little girl's room
ots,on the scene
ott,over the top
f2f,"face-to-face, a.k.a. face time"
ysk,you should know
gfymf,go fuck yourself mother fucker
ycmtsu,you can't make this shit up
ap,apple pie
rbu,"rainbows, butterflies, unicorns"
w@,what?
pbiab,pay back is a bitch
tftc,thanks for the cache
rbf,referencing bitch face
rsvp,repondez s'il vous plait
wilb,workplace internet leisure browsing
vc,venture capital
gmtft,great minds think for themselves
lusm,love you so much
sitd,still in the dark
vm,voice mail
pso,product superior to operator
pdq,pretty darn quick
dwpkotl,deep wet passionate kiss on the lips
scotus,supreme court of the united states
denial,don't even notice i am lying
bbias,be back in a sec
sotmg,"short on time, must go"
s2r,send to receive
tfys,the fuck you say
s2u,same to you
inch,i’m never coming home
dusl,do you scream loud?
upod,under promise over deliver
iow,in other words
phb,pointy haired boss
iot,in order to
tisnt,that is so not true
ion,index of names
thks,thanks
dust,did you see that?
ytrnw,"yeah that's right, now what?"
tisnf,that is so not fair
igws,it goes without saying
wyw,wish you well
mrph,mail the right place for help
wyt,whatever you think
wys,whatever you say
wyp,what's your problem?
plokta,press lots of keys to abort
wyd,what you doing?
pda,personal digital assistant
mtla,my true love always
ioud,"inside, outside, upside down"
mfd,multi-function device
btsoom,beats the shit out of me
sufi,super finger
j5m,just five minutes
sics,sitting in chair snickering
dbabai,don't be a bitch about it
ftasb,faster than a speeding bullet
tcb,trouble came back
wgaff,who gives a flying fuck
nifoc,nude in front of the computer
adr,address
sicl,sitting in chair laughing
hsik,how should i know
m2ny,"me too, not yet"
nato,"no action, talk only"
yafiygi,you asked for it you got it
natc,not a text conversation
adm,aye dios mio
rehi,hi again
fyc,for your consideration
fya,for your amusement
fyf,from your friend
btdt,been there done that
fye,for your edification
fyi,for your information
fatm,foaming at the mouth
fym,for your misinformation
tisc,this is so cool
nvm,never mind
rtff,read the fucking faq
ly4e,love you forever
iiwm,if it were me
bobfoc,"body off baywatch, face off crimewatch"
rotm,right on the money
iaits,it's all in the subject
awltp,avoiding work like the plague
aiamu,and i'm a monkey's uncle
2qt,too cute
bgbc,be glad be cheerful
jly,jesus loves you
urapita,you are a pain in the ass
wthin,what the hell is next
vsf,very sad face
lmbpo,laughing my booty pop off
tyl,text you later
dqydj,don't quit your day job
doei,goodbye (in dutch)
dqmot,don't quote me on this
wwsd,what would satan do?
esg,"environmental, social, governance"
tma,too many acronyms
eso,equipment smarter than operator
tmi,too much information
kmwa,kiss my white ass
esh,"experience, strength, and hope"
cwyl,chat with you later
grrr,growling
c/p,cross post
aitr,adult in the room
brics,"brazil, russia, india, china, south africa"
nidl,"not interested, dislike"
yaba,yet another bloody acronym
swl,screaming with laughter
nmte,now more than ever
jtlyk,just to let you know
ndn,indian
mofo,mother fucker
tsob,tough son of a bitch
h9,husband in room
merp,modestly enlightened rich people
tsia,this says it all
tsif,thank science it's friday
bsod,blue screen of death
waci,what a cool idea
stst,sweet tea sweetie
blbblb,"back like bull, brain like bird"
x-i-10,exciting
rci,rectal cranial inversion
smim,send me an instant message
nesec,any second
ntymi,now that you mention it
eak,eating at keyboard
wcmtsu,we can't make this shit up
hp,higher power
hv,have
ht,hi there
hu,hook up
ho,hang on
frz,nit means freezing
hb,hurry back
hf,hello friend
hd,hold
aar8,at any rate
byop,bring your own pencil
wygiswypf,what you get is what you pay for
byow,build your own website
dmi,don't mention it
stppynozgtw,"stop picking your nose, get to work"
yryocc,you're running on your own cuckoo clock
byob,bring your own bottle
wisp,winning is so pleasureable
byoa,bring your own advil
byod,bring your own device
wysiwyg,what you see is what you get
hhtyay,happy holidays to you and yours
pin,person in need
mhoty,my hat's off to you
pic,as in sexy or naked
alotbsol,always look on the bright side of life
pif,paid in full
myl,mind your language
gigatt,god is good all the time
pir,parent in room
fbocd,facebook obsessive compulsive disorder
durs,damn you are sexy
mwbrl,more will be revealed later
oao,over and out
namailu,not as much as i love you
rumorf,are you male or female?
dwbh,don't worry be happy
sogop,shit or get off the pot
ubs,unique buying state
nrg,energy
pitmemboam,peace in the middle east my brother of another mother
iiabdfi,"if it ain't broke, don't fix it"
dyli,do you love it?
cs&f,cute sexy & funny
eod,end of day
bwdik,but what do i know
pmht,pardon my hashtag a.k.a. #pmht
eom,end of message
eol,end of life
eot,end of thread
hny,happy new year
